{
  "info": {
    "name": "Task Management API - Revisao",
    "description": "Coleção de endpoints para gerenciamento de tarefas",
    "schema": "https://schema.getpostman.com/json/collection/v2.1.0/collection.json"
  },
  "variable": [
    {
      "key": "base_url",
      "value": "http://localhost:8080",
      "type": "string"
    }
  ],
  "item": [
    {
      "name": "Tasks",
      "item": [
        {
          "name": "Get All Tasks",
          "request": {
            "method": "GET",
            "header": [
              {
                "key": "Content-Type",
                "value": "application/json"
              }
            ],
            "url": {
              "raw": "{{base_url}}/api/tasks",
              "host": ["{{base_url}}"],
              "path": ["api", "tasks"]
            },
            "description": "Busca todas as tarefas cadastradas"
          },
          "response": []
        },
        {
          "name": "Get Task by ID",
          "request": {
            "method": "GET",
            "header": [
              {
                "key": "Content-Type",
                "value": "application/json"
              }
            ],
            "url": {
              "raw": "{{base_url}}/api/tasks/1",
              "host": ["{{base_url}}"],
              "path": ["api", "tasks", "1"]
            },
            "description": "Busca uma tarefa específica por ID"
          },
          "response": []
        },
        {
          "name": "Create New Task",
          "request": {
            "method": "POST",
            "header": [
              {
                "key": "Content-Type",
                "value": "application/json"
              }
            ],
            "body": {
              "mode": "raw",
              "raw": "{\n  \"title\": \"Estudar Spring Boot\",\n  \"description\": \"Revisar conceitos de REST API e JPA\",\n  \"completed\": false\n}"
            },
            "url": {
              "raw": "{{base_url}}/api/tasks",
              "host": ["{{base_url}}"],
              "path": ["api", "tasks"]
            },
            "description": "Cria uma nova tarefa"
          },
          "response": []
        },
        {
          "name": "Update Task",
          "request": {
            "method": "PUT",
            "header": [
              {
                "key": "Content-Type",
                "value": "application/json"
              }
            ],
            "body": {
              "mode": "raw",
              "raw": "{\n  \"title\": \"Estudar Spring Boot - Atualizado\",\n  \"description\": \"Revisar conceitos de REST API, JPA e testes unitários\",\n  \"completed\": true\n}"
            },
            "url": {
              "raw": "{{base_url}}/api/tasks/1",
              "host": ["{{base_url}}"],
              "path": ["api", "tasks", "1"]
            },
            "description": "Atualiza uma tarefa completamente"
          },
          "response": []
        },
        {
          "name": "Toggle Task Status",
          "request": {
            "method": "PATCH",
            "header": [
              {
                "key": "Content-Type",
                "value": "application/json"
              }
            ],
            "url": {
              "raw": "{{base_url}}/api/tasks/1/toggle",
              "host": ["{{base_url}}"],
              "path": ["api", "tasks", "1", "toggle"]
            },
            "description": "Alterna o status de conclusão da tarefa (completed)"
          },
          "response": []
        },
        {
          "name": "Delete Task",
          "request": {
            "method": "DELETE",
            "header": [
              {
                "key": "Content-Type",
                "value": "application/json"
              }
            ],
            "url": {
              "raw": "{{base_url}}/api/tasks/1",
              "host": ["{{base_url}}"],
              "path": ["api", "tasks", "1"]
            },
            "description": "Remove uma tarefa pelo ID"
          },
          "response": []
        }
      ],
      "description": "Endpoints para gerenciamento de tarefas"
    },
    {
      "name": "Test Data",
      "item": [
        {
          "name": "Create Sample Tasks",
          "request": {
            "method": "POST",
            "header": [
              {
                "key": "Content-Type",
                "value": "application/json"
              }
            ],
            "body": {
              "mode": "raw",
              "raw": "{\n  \"title\": \"Implementar testes unitários\",\n  \"description\": \"Criar testes para todos os endpoints da API\",\n  \"completed\": false\n}"
            },
            "url": {
              "raw": "{{base_url}}/api/tasks",
              "host": ["{{base_url}}"],
              "path": ["api", "tasks"]
            },
            "description": "Cria dados de exemplo para testes"
          },
          "response": []
        },
        {
          "name": "Create Another Sample Task",
          "request": {
            "method": "POST",
            "header": [
              {
                "key": "Content-Type",
                "value": "application/json"
              }
            ],
            "body": {
              "mode": "raw",
              "raw": "{\n  \"title\": \"Documentar API\",\n  \"description\": \"Criar documentação completa da API REST\",\n  \"completed\": true\n}"
            },
            "url": {
              "raw": "{{base_url}}/api/tasks",
              "host": ["{{base_url}}"],
              "path": ["api", "tasks"]
            },
            "description": "Cria mais dados de exemplo para testes"
          },
          "response": []
        }
      ],
      "description": "Requests para criar dados de teste"
    }
  ]
}